model,accuracy,macro_f1,weighted_f1,balanced_accuracy
student_100k,0.777,0.7670027757224506,0.7775192218440388,0.7670476023202634
student_20k,0.747,0.7359268261523901,0.7476160589844801,0.7359203831639763
