{
  "Direct": {
    "precision": 0.8184143222506394,
    "recall": 0.8247422680412371,
    "f1-score": 0.8215661103979461,
    "support": 388.0
  },
  "Intermediate": {
    "precision": 0.6556776556776557,
    "recall": 0.6729323308270677,
    "f1-score": 0.6641929499072357,
    "support": 266.0
  },
  "Evasive": {
    "precision": 0.8273809523809523,
    "recall": 0.8034682080924855,
    "f1-score": 0.8152492668621701,
    "support": 346.0
  },
  "accuracy": 0.777,
  "macro avg": {
    "precision": 0.7671576434364158,
    "recall": 0.7670476023202634,
    "f1-score": 0.7670027757224506,
    "support": 1000.0
  },
  "weighted avg": {
    "precision": 0.778228822967314,
    "recall": 0.777,
    "f1-score": 0.7775192218440388,
    "support": 1000.0
  }
}