label_id,label_name,precision,recall,f1,support
0,Direct,0.8184143222506394,0.8247422680412371,0.8215661103979461,388
1,Intermediate,0.6556776556776557,0.6729323308270677,0.6641929499072357,266
2,Evasive,0.8273809523809523,0.8034682080924855,0.8152492668621701,346
