{
  "Direct": {
    "precision": 0.7917737789203085,
    "recall": 0.7938144329896907,
    "f1-score": 0.7927927927927928,
    "support": 388.0
  },
  "Intermediate": {
    "precision": 0.6117216117216118,
    "recall": 0.6278195488721805,
    "f1-score": 0.6196660482374768,
    "support": 266.0
  },
  "Evasive": {
    "precision": 0.8047337278106509,
    "recall": 0.7861271676300579,
    "f1-score": 0.7953216374269005,
    "support": 346.0
  },
  "accuracy": 0.747,
  "macro avg": {
    "precision": 0.7360763728175237,
    "recall": 0.7359203831639763,
    "f1-score": 0.7359268261523901,
    "support": 1000.0
  },
  "weighted avg": {
    "precision": 0.7483640447615137,
    "recall": 0.747,
    "f1-score": 0.7476160589844801,
    "support": 1000.0
  }
}