label_id,label_name,precision,recall,f1,support
0,Direct,0.7917737789203085,0.7938144329896907,0.7927927927927928,388
1,Intermediate,0.6117216117216118,0.6278195488721805,0.6196660482374768,266
2,Evasive,0.8047337278106509,0.7861271676300579,0.7953216374269005,346
